الكلمة الرئيسية للإعلان على شبكة البحث,نوع المطابقة,حالة المعيار,حالة الحملة,حالة المجموعة الإعلانية,التكلفة,النقرات,نسبة النقر إلى الظهور
خالد الاغا,مطابقة تقريبية,مفعّلة,مفعّلة,مفعّلة,‏0.00 TRY,0,0.00%
خالد الجبوري,مطابقة تقريبية,مفعّلة,مفعّلة,مفعّلة,‏0.00 TRY,0,0.00%
جميل جنيد,مطابقة تقريبية,مفعّلة,مفعّلة,مفعّلة,‏0.00 TRY,0,0.00%
حسين الزوري,مطابقة تقريبية,مفعّلة,مفعّلة,مفعّلة,‏0.00 TRY,0,0.00%
مؤسسة الرافدين,مطابقة تقريبية,مفعّلة,مفعّلة,مفعّلة,‏0.00 TRY,0,0.00%
عمار الرسام,مطابقة تقريبية,مفعّلة,مفعّلة,مفعّلة,‏0.00 TRY,0,0.00%
محمد النعي تتعلقي,مطابقة تقريبية,مفعّلة,مفعّلة,مفعّلة,‏0.00 TRY,0,0.00%
محمد النعيمي,مطابقة تقريبية,مفعّلة,مفعّلة,مفعّلة,‏0.00 TRY,0,0.00%
ربيع البصري,مطابقة تقريبية,مفعّلة,مفعّلة,مفعّلة,‏0.00 TRY,0,0.00%
خالد الجبوري,مطابقة تقريبية,مفعّلة,مفعّلة,مفعّلة,‏0.00 TRY,0,0.00%
جميل جنيد,مطابقة تقريبية,مفعّلة,مفعّلة,مفعّلة,‏0.00 TRY,0,0.00%
حسين الزوري,مطابقة تقريبية,مفعّلة,مفعّلة,مفعّلة,‏0.00 TRY,0,0.00%
مؤسسة الرافدين,مطابقة تقريبية,مفعّلة,مفعّلة,مفعّلة,‏0.00 TRY,0,0.00%
عمار الرسام,مطابقة تقريبية,مفعّلة,مفعّلة,مفعّلة,‏0.00 TRY,0,0.00%
